ID,Path
84,d/f/c/dfcb813d6c003fb3e2fca9f5295e9f58
1342,d/c/7/dc7c46e4a1969faf25ed7f53a0e7993b
11,2/4/9/249ba6277758050695e8f5909bacd6d3
64317,c/b/e/cbeabae86ff31cc8b7ca5671f552e436
1661,5/a/b/5ab7b132d7391d74d1dbc144d8be4817
98,a/8/3/a83e33f5146fae45dcc9ca6c38760bb2
26184,1/4/f/14f68598365457c8a0aa3418cb0fa187
174,0/8/5/0856719219b5cfb482ac1ed495287fa0
2542,9/d/d/9dd83f1c18a5cf77eabf0f178cfedeec
2701,9/1/1/9110976d7e4d09aed4b6b01a95efdd35
345,1/5/0/1507856916922d156de0c9d75bb2b259
25344,e/7/e/e7e40ec7fd978155679950cf3727f944
1952,f/2/9/f2949b1306cde7710eeae2b6aa879cd0
1080,0/1/d/01d39098f2bfee5c808a3b4ff54deac2
1400,9/5/9/959856f7ad7ab4a63836be7c21d4b294
1260,3/6/f/36fda313b47a545b88f6f365ec125f19
43,1/4/0/140455865d493a049d56848403335c96
219,e/5/e/e5e36385bc42b0210128167d9c3a7bcc
844,9/3/0/930c97f8742b9b881f4ee505f7f59bb2
1232,5/6/c/56cac8f47c2f256b17d7013c12d80a7b
76,e/c/e/eceee32f271b90ef127d9c7adf224fb3
2554,2/4/e/24ea7b56d68595afcb5c4f1e98d8fbd5
408,4/4/7/447c12997e97407907e1cc2f2af151a9
4300,4/8/0/4807e32d65117b29f05775b19f66bab5
2600,5/c/4/5c46bf7821d8c3fbae2f666778faf28b
2591,5/8/a/58a6b64552a3eec495d53e2e5ed38478
46,1/9/0/190c4369c6f5646493007bebec046893
6130,4/e/3/4e33490c19aaa58b89ec23a0410220e5
205,a/1/e/a1ecacc2893c4130fa14d3dfae130c8f
514,3/e/2/3e27adda0aeb73da935204d9d84e0b74
55,6/4/e/64e42751031c29a8b5b2a3031508e6c9
1184,d/8/b/d8b058fab32adc255d03d6087a56e421
74,5/6/a/56a2f807fb2b733d04da71743468df5f
160,6/c/7/6c7826631b2461a464cb6b92b9f90403
1727,2/c/1/2c16742976d8b3b73262dd0aa8bd890e
45,f/b/a/fba282cd5faca1f7619e4b7969a27f66
32449,0/6/e/06e38d301bfa06cdb24e7d09228cb22c
120,6/2/c/62cd6d07deb0c409740985a1648a21ef
2814,8/d/e/8de7a2f408969a6341a0244daad42c9f
996,c/b/4/cb4b5904a518823809bc78316f927336
768,2/c/d/2cdf6f54393da7af3938f95beec4d71a
23,1/f/a/1fab1cffea9b6fd2f36bfb46e182fd77
3207,7/b/4/7b42fb31d4f8482fdd6d85d4d518ece7
16,e/4/a/e4add7a33e97736ee57712439175dfe3
35,4/8/1/4816b20bbb2673692f5d8327d331fc00
7370,3/2/6/326d63b30df6fa7e76355b3a22f969d6
28054,6/5/d/65d67eda32857032f512717237932951
2852,e/4/2/e426cd65e6ff5fd574c6c360c7ffe116
1399,b/8/c/b8c56a810ea8a03dbd1aed55c6f89304
135,e/3/b/e3ba1bc5d0bfb79a3c8f67e8330caf67
1497,c/b/7/cb7b5dc8931cb4b094d19b3510cd3b39
203,4/f/b/4fb8ead6535ffe257649fb1d60a962d0
3825,9/0/d/90d303ca8283fcc5b446f11ad08415f3
158,8/f/a/8faa25098b7e252bc2e03373a480039e
829,c/0/0/c004d90612fc31063bece966d885587a
63256,d/c/8/dc8110a5ddf8adb890b4698069209584
58585,1/6/3/16354af4ec00ce4bf8a34206c8b00681
36,1/5/c/15cdebdfacf9701d9adc49e00475ce47
1250,a/e/5/ae523cced62e1d1760257c869fa29e4f
730,a/2/f/a2f2bf9dda1d2942df9b9bebdd2a8162
215,2/6/e/26e946cf22108ac825f509dd448b5bd2
4363,2/6/7/267b72557ef21a1b22e94727ba12ce24
161,c/3/8/c38e41cf880623cec59807a858865ee9
140,f/4/2/f4238b7a015be45780fbe60c6de094fd
3600,5/0/5/50500a02816976628774affb8632c6cc
30254,8/a/c/8ac5f62572314fe35d8c36da274fd9b6
113,8/5/1/851e397ca5999e99d6f7c834361e39eb
244,8/5/f/85f1d937567c86d20e82870a6620da31
16328,8/1/c/81c0d33d17c01427bd0a67c5df572795
41,4/e/c/4ec1586708124cd1652008353281160b
2500,3/4/5/345c8e7cbc95390eaac77ab0bf1bb765
2148,b/b/a/bbabdbd94483464b38ad2db9e3127fe0
67098,d/9/5/d956fa69bdfbecab77c0f6e538884a96
236,f/b/2/fb23618e0203e0649386be6476d4236d
20203,b/3/3/b33e9eed4831ba41aeec6bc04c10221e
27827,0/5/d/05d8f532bd9e2aed202e859d0332e9fe
4217,3/2/e/32e02b06c2680cfcfd9618ffee9ebed8
19942,5/8/7/5878d4f51ba24a32b059eb947eeb5a21
103,0/d/8/0d86712c567fab30da2d70de5aefc56d
1998,c/1/1/c11cbd3e83b88fda84585d02ee73465a
42324,8/b/4/8b4aa1d98b59c881d8728b3eb2f13398
766,f/5/8/f5889d4e38748f64732f1bef80b38e90